{"cameraMode":{"drawMode":0,"name":"Shaded","section":"Shading Mode"},"sceneLighting":true,"audioPlay":false,"sceneViewState":{"showFog":true,"showMaterialUpdate":false,"showSkybox":true,"showFlares":true,"showImageEffects":true,"showParticleSystems":true},"in2DMode":false,"pivot":{"x":33.107078552246097,"y":2.411538600921631,"z":29.304203033447267},"rotation":{"x":0.4524000287055969,"y":-0.08017265051603317,"z":0.04082346335053444,"w":0.8877266049385071},"size":3.322892427444458,"orthographic":false}