{"cameraMode":{"drawMode":0,"name":"Shaded","section":"Shading Mode"},"sceneLighting":false,"audioPlay":false,"sceneViewState":{"showFog":true,"showMaterialUpdate":false,"showSkybox":false,"showFlares":true,"showImageEffects":true,"showParticleSystems":true},"in2DMode":false,"pivot":{"x":-1.7349960803985596,"y":-0.06999501585960388,"z":1.189995527267456},"rotation":{"x":-0.47887489199638369,"y":-0.04297330230474472,"z":0.0232633575797081,"w":-0.8769519329071045},"size":14757.7109375,"orthographic":false}